-- BEGIN TRANSACTION;
INSERT INTO "contacts" ("db_id","peer_id","avatar","name") VALUES 
 (1,'12D3KooWJcawUxi2AVKoFz3ft9b8rRGDs6TsAJnaHChgGVngHbWn','./avatars/2.jpg','Contact 1'),
 (2,'12D3KooWJcawUxi2AVKoFz3ft9b8rRGDs6TsAJnaHChgGVngHbWn','./avatars/3.jpg','Contact 2'),
 (3,'12D3KooWJcawUxi2AVKoFz3ft9b8rRGDs6TsAJnaHChgGVngHbWn','./avatars/4.jpg','Contact 3'),
 (4,'12D3KooWJcawUxi2AVKoFz3ft9b8rRGDs6TsAJnaHChgGVngHbWn','./avatars/5.jpg','Contact 4'),
 (5,'12D3KooWJcawUxi2AVKoFz3ft9b8rRGDs6TsAJnaHChgGVngHbWn','./avatars/6.jpg','Contact 5'),
 (6,'12D3KooWJcawUxi2AVKoFz3ft9b8rRGDs6TsAJnaHChgGVngHbWn','./avatars/7.jpg','Contact 6'),
 (7,'12D3KooWJcawUxi2AVKoFz3ft9b8rRGDs6TsAJnaHChgGVngHbWn','./avatars/8.jpg','Contact 7'),
 (8,'12D3KooWJcawUxi2AVKoFz3ft9b8rRGDs6TsAJnaHChgGVngHbWn','./avatars/9.jpg','Contact 8');
INSERT INTO "profiles" ("db_id","peer_id","private_key","avatar","name") VALUES 
 (1,'12D3KooWDyb722starahmRMBdWbtDjdFobhdEbmdgqbohHUqRgXF','23jhTap8x29s9PuufDv2jL6wirj6dcVA2eYnvgwBn45Wxwq7qMdpHnLUnnS7XDUCL8CSKj9JNo282Gx9Aex8npg5iZK1X','./avatars/1.jpg','Profile 1');
INSERT INTO "threads" ("db_id","profile_db_id","contact_db_id","last_update","last_message_db_id","new_messages_count","first_unseen_message_by_contact_db_id","first_new_message_db_id") VALUES 
 (1,1,1,1712731011000,10,0,NULL,NULL),
 (2,1,2,1712731021000,20,1,NULL,18),
 (3,1,3,1712731040000,170,0,167,NULL),
 (4,1,4,1712731041000,40,0,NULL,NULL),
 (5,1,5,1712731051000,50,0,50,NULL),
 (6,1,6,1712731061000,60,0,59,NULL),
 (7,1,7,1712731071000,70,1,NULL,68),
 (8,1,8,1712731081000,80,0,NULL,NULL);
INSERT INTO "messages" ("db_id","thread_db_id","sender_db_id","creation_timestamp","type","file","text","markdown") VALUES 
 (1,1,NULL,1712731010100,'Text',NULL,'Hello Alice!',0),
 (2,1,1,1712731010200,'Text',NULL,'Hi John!',0),
 (3,1,NULL,1712731010300,'Text',NULL,'How are you?',0),
 (4,1,1,1712731010400,'Text',NULL,'I''m good, thanks!',0),
 (5,1,NULL,1712731010500,'Text',NULL,'What are you doing today?',0),
 (6,1,1,1712731010600,'Text',NULL,'Just working on some projects.',0),
 (7,1,NULL,1712731010700,'Text',NULL,'Sounds productive!',0),
 (8,1,1,1712731010800,'Text',NULL,'Yes, trying to stay busy.',0),
 (9,1,NULL,1712731010900,'Text',NULL,'Anyway, how was your weekend?',0),
 (10,1,1,1712731011000,'Text',NULL,'It was great! Went hiking with friends.',0),
 (11,2,NULL,1712731020100,'Text',NULL,'Hey Bob!',0),
 (12,2,2,1712731020200,'Text',NULL,'Hi John!',0),
 (13,2,NULL,1712731020300,'Text',NULL,'What''s up?',0),
 (14,2,2,1712731020400,'Text',NULL,'Not much, just chilling.',0),
 (15,2,NULL,1712731020500,'Text',NULL,'Cool, did you watch the game last night?',0),
 (16,2,2,1712731020600,'Text',NULL,'Yeah, it was intense!',0),
 (17,2,NULL,1712731020700,'Text',NULL,'I bet! Who won?',0),
 (18,2,2,1712731020800,'Text',NULL,'Our team pulled through in overtime.',0),
 (19,2,NULL,1712731020900,'Text',NULL,'That''s awesome!',0),
 (20,2,2,1712731021000,'Text',NULL,'Yeah, it was a nail-biter.',0),
 (21,3,NULL,1712731030100,'Text',NULL,'-1- Hey Charlie!',0),
 (22,3,3,1712731030200,'Text',NULL,'-2- Hi John!',0),
 (23,3,NULL,1712731030300,'Text',NULL,'-3- How''s your day going?',0),
 (24,3,3,1712731030400,'Text',NULL,'-4- It''s going well, thanks!',0),
 (25,3,NULL,1712731030500,'Text',NULL,'-5- Have you seen the latest episode of that show?',0),
 (26,3,3,1712731030600,'Text',NULL,'-6- Not yet, I''m planning to watch it tonight.',0),
 (27,3,NULL,1712731030700,'Text',NULL,'-7- It''s really good, you should check it out.',0),
 (28,3,3,1712731030800,'Text',NULL,'-8- I will, thanks for the recommendation!',0),
 (29,3,NULL,1712731030900,'Text',NULL,'-9- No problem, let me know what you think.',0),
 (30,3,3,1712731031000,'Text',NULL,'-10- Will do!',0),
 (31,4,NULL,1712731040100,'Text',NULL,'Hello David!',0),
 (32,4,4,1712731040200,'Text',NULL,'Hi John!',0),
 (33,4,NULL,1712731040300,'Text',NULL,'How are things on your end?',0),
 (34,4,4,1712731040400,'Text',NULL,'Pretty busy, but everything''s good.',0),
 (35,4,NULL,1712731040500,'Text',NULL,'That''s good to hear.',0),
 (36,4,4,1712731040600,'Text',NULL,'Yeah, how about you?',0),
 (37,4,NULL,1712731040700,'Text',NULL,'Just working on some projects.',0),
 (38,4,4,1712731040800,'Text',NULL,'Sounds interesting.',0),
 (39,4,NULL,1712731040900,'Text',NULL,'It is, but it keeps me busy.',0),
 (40,4,4,1712731041000,'Text',NULL,'I can imagine!',0),
 (41,5,NULL,1712731050100,'Text',NULL,'Hey Eva!',0),
 (42,5,5,1712731050200,'Text',NULL,'Hi John!',0),
 (43,5,NULL,1712731050300,'Text',NULL,'How are you doing today?',0),
 (44,5,5,1712731050400,'Text',NULL,'I''m doing well, thanks for asking!',0),
 (45,5,NULL,1712731050500,'Text',NULL,'What have you been up to?',0),
 (46,5,5,1712731050600,'Text',NULL,'Just finished a workout.',0),
 (47,5,NULL,1712731050700,'Text',NULL,'Nice, staying healthy!',0),
 (48,5,5,1712731050800,'Text',NULL,'Trying to! How about you?',0),
 (49,5,NULL,1712731050900,'Text',NULL,'Just got back from a walk.',0),
 (50,5,NULL,1712731051000,'Text',NULL,'Fresh air, fresh mind.',0),
 (51,6,NULL,1712731060100,'Text',NULL,'Hello Frank!',0),
 (52,6,6,1712731060200,'Text',NULL,'Hi John!',0),
 (53,6,NULL,1712731060300,'Text',NULL,'How''s your day going?',0),
 (54,6,6,1712731060400,'Text',NULL,'It''s going well, thanks!',0),
 (55,6,NULL,1712731060500,'Text',NULL,'What have you been up to?',0),
 (56,6,6,1712731060600,'Text',NULL,'Just working on some coding projects.',0),
 (57,6,NULL,1712731060700,'Text',NULL,'Nice, making progress!',0),
 (58,6,6,1712731060800,'Text',NULL,'Trying to! How about you?',0),
 (59,6,NULL,1712731060900,'Text',NULL,'Just finished reading a book.',0),
 (60,6,NULL,1712731061000,'Text',NULL,'Gotta back to work.',0),
 (61,7,NULL,1712731070100,'Text',NULL,'Hey Grace!',0),
 (62,7,7,1712731070200,'Text',NULL,'Hi John!',0),
 (63,7,NULL,1712731070300,'Text',NULL,'How are you doing today?',0),
 (64,7,7,1712731070400,'Text',NULL,'I''m doing well, thank you!',0),
 (65,7,NULL,1712731070500,'Text',NULL,'What have you been up to?',0),
 (66,7,7,1712731070600,'Text',NULL,'Just finished some work tasks.',0),
 (67,7,NULL,1712731070700,'Text',NULL,'That sounds productive!',0),
 (68,7,7,1712731070800,'Text',NULL,'Trying to stay on top of things. How about you?',0),
 (69,7,NULL,1712731070900,'Text',NULL,'I''ve been working on a personal project.',0),
 (70,7,7,1712731071000,'Text',NULL,'That sounds interesting.',0),
 (71,8,NULL,1712731080100,'Text',NULL,'Good morning Henry!',0),
 (72,8,8,1712731080200,'Text',NULL,'Morning John!',0),
 (73,8,NULL,1712731080300,'Text',NULL,'How are you today?',0),
 (74,8,8,1712731080400,'Text',NULL,'I''m doing well, thanks!',0),
 (75,8,NULL,1712731080500,'Text',NULL,'Did you catch the latest news?',0),
 (76,8,8,1712731080600,'Text',NULL,'Not yet, what''s going on?',0),
 (77,8,NULL,1712731080700,'Text',NULL,'There was a big announcement in the tech industry.',0),
 (78,8,8,1712731080800,'Text',NULL,'I''ll check it out later.',0),
 (79,8,NULL,1712731080900,'Text',NULL,'Let me know what you think.',0),
 (80,8,8,1712731081000,'Text',NULL,'Sure thing!',0),

 (81,3,NULL,1712731031100,'Text',NULL,'-11- Sure thing!',0),
 (82,3,3,1712731031200,'Text',NULL,'-12- Thanks!',0),
 (83,3,NULL,1712731031300,'Text',NULL,'-13- No problem!',0),
 (84,3,3,1712731031400,'Text',NULL,'-14- Catch you later!',0),
 (85,3,NULL,1712731031500,'Text',NULL,'-15- Take care!',0),
 (86,3,NULL,1712731031600,'Text',NULL,'-16- Hey Charlie, how was your day today?',0),
 (87,3,3,1712731031700,'Text',NULL,'-17- It was good, thanks for asking!',0),
 (88,3,3,1712731031800,'Text',NULL,'-18- What did you do?',0),
 (89,3,3,1712731031900,'Text',NULL,'-19- I went for a walk in the park and then had dinner with friends.',0),
 (90,3,NULL,1712731032000,'Text',NULL,'-20- That sounds nice. I spent the day working on some projects.',0),
 (91,3,NULL,1712731032100,'Text',NULL,'-21- Anything exciting?',0),
 (92,3,NULL,1712731032200,'Text',NULL,'-22- Not really, just some routine tasks. How about you?',0),
 (93,3,NULL,1712731032300,'Text',NULL,'-23- Just the usual. But I did have a great conversation with a friend.',0),
 (94,3,NULL,1712731032400,'Text',NULL,'-24- That''s always nice. What did you talk about?',0),
 (95,3,3,1712731032500,'Text',NULL,'-25- We talked about our plans for the future and some interesting ideas for projects.',0),
 (96,3,NULL,1712731032600,'Text',NULL,'-26- Sounds like a productive day!',0),
 (97,3,NULL,1712731032700,'Text',NULL,'-27- Yeah, it was. I''m looking forward to tomorrow.',0),
 (98,3,NULL,1712731032800,'Text',NULL,'-28- Me too. Let''s catch up again soon!',0),
 (99,3,NULL,1712731032900,'Text',NULL,'-29- Definitely. Have a great evening!',0),
 (100,3,NULL,1712731033000,'Text',NULL,'-30- You too, John!',0),
 (101,3,NULL,1712731033100,'Text',NULL,'-31- Hey Charlie, how''s it going?',0),
 (102,3,3,1712731033200,'Text',NULL,'-32- Hey, I''m good. Just busy with work.',0),
 (103,3,3,1712731033300,'Text',NULL,'-33- I understand. Work can be demanding sometimes.',0),
 (104,3,3,1712731033400,'Text',NULL,'-34- Yeah, but it''s all part of the job.',0),
 (105,3,NULL,1712731033500,'Text',NULL,'-35- True. Anything exciting happening?',0),
 (106,3,NULL,1712731033600,'Text',NULL,'-36- Not really. Just the usual routine.',0),
 (107,3,NULL,1712731033700,'Text',NULL,'-37- I get it. Let''s plan something fun for the weekend!',0),
 (108,3,NULL,1712731033800,'Text',NULL,'-38- Sounds like a plan. I''m up for it!',0),
 (109,3,NULL,1712731033900,'Text',NULL,'-39- Great! I''ll think of something.',0),
 (110,3,NULL,1712731034000,'Text',NULL,'-40- Looking forward to it, John!',0),
 (111,3,NULL,1712731034100,'Text',NULL,'-41- Hey John, how''s it going?',0),
 (112,3,3,1712731034200,'Text',NULL,'-42- Hey, I''m good. Just busy with work.',0),
 (113,3,3,1712731034300,'Text',NULL,'-43- I understand. Work can be demanding sometimes.',0),
 (114,3,3,1712731034400,'Text',NULL,'-44- Yeah, but it''s all part of the job.',0),
 (115,3,NULL,1712731034500,'Text',NULL,'-45- True. Anything exciting happening?',0),
 (116,3,NULL,1712731034600,'Text',NULL,'-46- Not really. Just the usual routine.',0),
 (117,3,NULL,1712731034700,'Text',NULL,'-47- I get it. Let''s plan something fun for the weekend!',0),
 (118,3,NULL,1712731034800,'Text',NULL,'-48- Sounds like a plan. I''m up for it!',0),
 (119,3,NULL,1712731034900,'Text',NULL,'-49- Great! I''ll think of something.',0),
 (120,3,NULL,1712731035000,'Text',NULL,'-50- Looking forward to it, John!',0),
 (121,3,NULL,1712731035100,'Text',NULL,'-51- Hey Charlie, how''s it going?',0),
 (122,3,3,1712731035200,'Text',NULL,'-52- Hey, I''m good. Just busy with work.',0),
 (123,3,3,1712731035300,'Text',NULL,'-53- I understand. Work can be demanding sometimes.',0),
 (124,3,3,1712731035400,'Text',NULL,'-54- Yeah, but it''s all part of the job.',0),
 (125,3,NULL,1712731035500,'Text',NULL,'-55- True. Anything exciting happening?',0),
 (126,3,NULL,1712731035600,'Text',NULL,'-56- Not really. Just the usual routine.',0),
 (127,3,NULL,1712731035700,'Text',NULL,'-57- I get it. Let''s plan something fun for the weekend!',0),
 (128,3,NULL,1712731035800,'Text',NULL,'-58- Sounds like a plan. I''m up for it!',0),
 (129,3,NULL,1712731035900,'Text',NULL,'-59- Great! I''ll think of something.',0),
 (130,3,NULL,1712731036000,'Text',NULL,'-60- Looking forward to it, John!',0),
 (131,3,NULL,1712731036100,'Text',NULL,'-61- Hey Charlie, how''s it going?',0),
 (132,3,3,1712731036200,'Text',NULL,'-62- Hey, I''m good. Just busy with work.',0),
 (133,3,3,1712731036300,'Text',NULL,'-63- I understand. Work can be demanding sometimes.',0),
 (134,3,3,1712731036400,'Text',NULL,'-64- Yeah, but it''s all part of the job.',0),
 (135,3,NULL,1712731036500,'Text',NULL,'-65- True. Anything exciting happening?',0),
 (136,3,NULL,1712731036600,'Text',NULL,'-66- Not really. Just the usual routine.',0),
 (137,3,NULL,1712731036700,'Text',NULL,'-67- I get it. Let''s plan something fun for the weekend!',0),
 (138,3,NULL,1712731036800,'Text',NULL,'-68- Sounds like a plan. I''m up for it!',0),
 (139,3,NULL,1712731036900,'Text',NULL,'-69- Great! I''ll think of something.',0),
 (140,3,NULL,1712731037000,'Text',NULL,'-70- Looking forward to it, John!',0),
 (141,3,NULL,1712731037100,'Text',NULL,'-71- Hey Charlie, how''s it going?',0),
 (142,3,3,1712731037200,'Text',NULL,'-72- Hey, I''m good. Just busy with work.',0),
 (143,3,3,1712731037300,'Text',NULL,'-73- I understand. Work can be demanding sometimes.',0),
 (144,3,3,1712731037400,'Text',NULL,'-74- Yeah, but it''s all part of the job.',0),
 (145,3,NULL,1712731037500,'Text',NULL,'-75- True. Anything exciting happening?',0),
 (146,3,NULL,1712731037600,'Text',NULL,'-76- Not really. Just the usual routine.',0),
 (147,3,NULL,1712731037700,'Text',NULL,'-77- I get it. Let''s plan something fun for the weekend!',0),
 (148,3,NULL,1712731037800,'Text',NULL,'-78- Sounds like a plan. I''m up for it!',0),
 (149,3,NULL,1712731037900,'Text',NULL,'-79- Great! I''ll think of something.',0),
 (150,3,NULL,1712731038000,'Text',NULL,'-80- Looking forward to it, John!',0),
 (151,3,NULL,1712731038100,'Text',NULL,'-81- Hey Charlie, how''s it going?',0),
 (152,3,3,1712731038200,'Text',NULL,'-82- Hey, I''m good. Just busy with work.',0),
 (153,3,3,1712731038300,'Text',NULL,'-83- I understand. Work can be demanding sometimes.',0),
 (154,3,3,1712731038400,'Text',NULL,'-84- Yeah, but it''s all part of the job.',0),
 (155,3,NULL,1712731038500,'Text',NULL,'-85- True. Anything exciting happening?',0),
 (156,3,NULL,1712731038600,'Text',NULL,'-86- Not really. Just the usual routine.',0),
 (157,3,NULL,1712731038700,'Text',NULL,'-87- I get it. Let''s plan something fun for the weekend!',0),
 (158,3,NULL,1712731038800,'Text',NULL,'-88- Sounds like a plan. I''m up for it!',0),
 (159,3,NULL,1712731038900,'Text',NULL,'-89- Great! I''ll think of something.',0),
 (160,3,NULL,1712731039000,'Text',NULL,'-90- Looking forward to it, John!',0),
 (161,3,NULL,1712731039100,'Text',NULL,'-91- Hey Charlie, how''s it going?',0),
 (162,3,3,1712731039200,'Text',NULL,'-92- Hey, I''m good. Just busy with work.',0),
 (163,3,3,1712731039300,'Text',NULL,'-93- I some very loooooooooooooong text to toes understand. Work can be demanding sometimes.',0),
 (164,3,3,1712731039400,'Text',NULL,'-94- And anotheeeeeeeeeeeeeerrrrr meeeeeeeeeeeeeeeeeeeeeeeeeeeeeeeeeeeega loooooooooong.',0),
 (165,3,NULL,1712731039500,'Text',NULL,'-95- True. Anything exciting happening?',0),
 (166,3,NULL,1712731039600,'Text',NULL,'-96- Not really. Just the usual routine.',0),
 (167,3,NULL,1712731039700,'Text',NULL,'-97- I get it. Let''s plan something fun for the weekend!',0),
 (168,3,NULL,1712731039800,'Text',NULL,'-98- Sounds like a plan. I''m up for it!',0),
 (169,3,NULL,1712731039900,'Text',NULL,'-99- Great! I''ll think of something.',0),
 (170,3,NULL,1712731040000,'Text',NULL,'-100- Looking forward to it, John!',0);

-- COMMIT;
